{ "name":            {       "min":"1Q",     "med":"3Q",   "max":"average",    "std_dev":"mode"                                                                           },

"char_height":    {"int!": [ 0.0 ,  52.0,  52.0,  60.0, 112.0,     54.88571,  13.23476, 52.0], "list": [0.0, 25.0, 28.0, 30.0, 32.0, 34.0, 35.0, 36.0, 38.0, 40.0, 42.0, 44.0, 45.0, 46.0, 48.0, 50.0, 52.0, 53.0, 54.0, 55.0, 56.0, 57.0, 58.0, 60.0, 61.0, 62.0, 64.0, 65.0, 66.0, 68.0, 69.0, 70.0, 72.0, 74.0, 80.0, 88.0, 100.0, 110.0, 112.0]}, 

"walk_turn_time":    {"q": [ 0.0 ,   6.0,   6.0,   6.0,  30.0,      6.13634,   2.45390,  6.0], "list": [0.0, 1.0, 2.0, 3.0, 4.0, 5.0, 5.95, 6.0, 7.0, 8.0, 9.0, 10.0, 12.0, 15.0, 16.0, 20.0, 30.0]}, 
"walk_accel":        {"q": [ 0.05,   0.2,   0.2,   0.3,  40.0,      0.47809,   2.53716,  0.2], "list": [0.05, 0.1, 0.12, 0.15, 0.2, 0.22, 0.25, 0.3, 0.35, 0.4, 0.45, 0.5, 0.6, 0.65, 0.7, 0.8, 1.0, 1.1, 1.2, 1.25, 2.0, 40.0]}, 
"walk_speed":        {"q": [-5.0 ,   3.0,   3.25,  3.5,   6.0,      3.21699,   0.89044,  3.25], "list": [-5.0, 1.0, 1.2, 1.85, 2.0, 2.117, 2.25, 2.5, 2.6, 2.75, 2.8, 3.0, 3.05, 3.15, 3.2, 3.25, 3.3, 3.35, 3.5, 3.7, 3.75, 3.8, 4.0, 4.08, 4.2, 4.25, 4.5, 5.0, 5.5, 6.0]}, 
"initial_dash_speed":{"q": [ 0.0 ,   6.0,   7.0,   7.5,  12.0,      6.63696,   1.62389,  7.0], "list": [0.0, 1.0, 2.0, 3.0, 3.5, 4.0, 4.25, 4.5, 4.75, 5.0, 5.5, 5.8, 6.0, 6.1, 6.2, 6.25, 6.45, 6.5, 6.66, 6.75, 6.8, 6.85, 6.9, 7.0, 7.2, 7.5, 8.0, 8.2, 8.5, 8.9, 9.0, 10.0, 12.0]}, 
"dash_speed":        {"q": [ 0.0 ,   6.0,   7.0,   7.5,  12.0,      6.67795,   1.55178,  7.0], "list": [0.0, 1.0, 2.0, 3.0, 3.5, 4.0, 4.25, 4.5, 4.75, 5.0, 5.5, 5.8, 6.0, 6.1, 6.2, 6.25, 6.45, 6.5, 6.66, 6.75, 6.8, 6.85, 6.9, 7.0, 7.2, 7.5, 8.0, 8.2, 8.5, 8.9, 9.0, 10.0, 12.0]}, 
"dash_turn_accel":   {"q": [ 0.0 ,   1.35,  1.5,   1.5,  50.0,      1.59963,   3.14620,  1.5], "list": [0.0, 0.1, 0.2, 0.3, 0.4, 0.5, 0.6, 0.65, 0.7, 0.75, 0.8, 0.9, 1.0, 1.2, 1.3, 1.35, 1.4, 1.5, 1.56, 1.6, 1.65, 1.7, 1.75, 2.0, 2.2, 4.0, 6.0, 50.0]}, 
"dash_stop_percent": {"q": [ 0.0 ,   0.35,  0.35,  0.35,  1.0,      0.37279,   0.14354,  0.35], "list": [0.0, 0.05, 0.1, 0.2, 0.23, 0.25, 0.3, 0.35, 0.4, 0.45, 0.5, 0.55, 0.6, 0.7, 0.75, 0.8, 0.85, 0.9, 1.0]}, 
"moonwalk_accel":    {"q": [ 0.0 ,   1.4,   1.4,   1.4,  40.0,      1.58598,   2.55620,  1.4], "list": [0.0, 0.5, 0.6, 0.8, 0.9, 0.95, 1.0, 1.1, 1.2, 1.25, 1.2749, 1.3, 1.35, 1.4, 1.464, 1.5, 1.55, 1.6, 1.7, 1.8, 2.0, 2.2, 2.4, 3.0, 12.0, 40.0]}, 
"ground_friction":   {"q": [ 0.05,   0.5,   0.5,   0.6, 999.0,     41.39016, 638.77581,  0.5], "list": [0.05, 0.06, 0.1, 0.14, 0.15, 0.2, 0.22, 0.25, 0.27, 0.3, 0.33, 0.35, 0.4, 0.45, 0.5, 0.55, 0.6, 0.62, 0.63, 0.65, 0.7, 0.75, 0.8, 0.9, 1.0, 6.0, 9999.0]}, 

"max_djumps":     {"int!": [ 0.0 ,   1.0,   1.0,   1.0,   5.0,      1.21052,   0.61503,  1.0], "list": [0.0, 1.0, 2.0, 3.0, 5.0]}, 
"max_jump_hsp":      {"q": [ 2.5 ,   5.0,   6.0,   7.0, 999.0,     46.74471, 637.12414,  6.0], "list": [2.5, 3.0, 3.5, 4.0, 4.25, 4.5, 4.6, 4.8, 5.0, 5.3, 5.5, 5.75, 6.0, 6.2, 6.5, 6.8, 7.0, 7.5, 8.0, 8.5, 10.0, 12.0, 15.0, 9999.0]}, 
"leave_ground_max":  {"q": [ 2.0 ,   6.0,   7.0,   7.0, 999.0,     47.14451, 637.09927,  7.0], "list": [2.0, 2.7, 3.0, 4.0, 4.5, 4.75, 5.0, 5.3, 5.5, 6.0, 6.5, 6.8, 7.0, 7.5, 8.0, 9.0, 10.0, 12.0, 15.0, 20.0, 9999.0]}, 
"jump_change":       {"q": [ 1.0 ,   3.0,   3.0,   3.0,   8.0,      3.20080,   0.71345,  3.0], "list": [1.0, 2.0, 2.5, 2.8, 3.0, 3.5, 3.8, 4.0, 4.5, 5.0, 5.5, 6.0, 7.0, 8.0]}, 
"short_hop_speed":   {"q": [ 3.0 ,   6.0,   6.0,   7.4,  10.0,      6.46862,   1.18937,  6.0], "list": [3.0, 3.5, 4.0, 4.5, 5.0, 5.25, 5.5, 5.6, 5.75, 5.8, 6.0, 6.12, 6.25, 6.5, 7.0, 7.2, 7.31, 7.4, 7.5, 8.0, 8.5, 9.0, 9.37, 10.0]}, 
"jump_speed":        {"q": [ 5.0 ,  10.0,  11.0,  12.0,  16.0,     10.87596,   1.58177, 11.0], "list": [5.0, 5.1, 6.0, 6.5, 7.0, 7.5, 8.0, 9.0, 9.3, 9.5, 9.99, 10.0, 10.5, 10.9, 10.99, 11.0, 11.2, 11.5, 11.7, 11.75, 11.8, 12.0, 12.2, 12.45, 12.5, 13.0, 14.0, 15.0, 15.07, 15.3, 16.0]}, 
"djump_speed":       {"q": [-9.0 ,   9.0,  10.0,  11.0,  17.49,     9.77334,   2.93938, 10.0], "list": [-9.0, -1.2, -1.0, 0.0, 2.0, 5.0, 5.8, 6.0, 7.0, 7.25, 7.5, 7.8, 8.0, 8.1, 8.25, 8.5, 8.9, 9.0, 9.5, 9.75, 10.0, 10.2, 10.4, 10.5, 10.75, 10.8, 11.0, 11.4, 11.5, 11.6, 11.75, 12.0, 12.5, 13.0, 13.5, 13.6, 14.0, 15.0, 17.49]}, 
"land_time":      {"int!": [ 3.0 ,   4.0,   4.0,   4.0,  18.0,      4.42971,   1.56450,  4.0], "list": [3.0, 4.0, 5.0, 6.0, 7.0, 8.0, 9.0, 10.0, 14.0, 16.0, 18.0]}, 
"prat_land_time": {"int!": [ 0.0 ,   8.0,  10.0,  16.0,  40.0,     11.87550,   6.89352, 10.0], "list": [0.0, 3.0, 5.0, 6.0, 7.0, 8.0, 9.0, 10.0, 11.0, 12.0, 13.0, 14.0, 15.0, 16.0, 17.0, 18.0, 19.0, 20.0, 22.0, 24.0, 26.0, 30.0, 31.0, 32.0, 35.0, 40.0]}, 
"air_accel":         {"q": [ 0.1 ,   0.3,   0.3,   0.35,  1.0,      0.31572,   0.08493,  0.3], "list": [0.1, 0.2, 0.22, 0.25, 0.27, 0.28, 0.3, 0.32, 0.325, 0.33, 0.35, 0.37, 0.4, 0.5, 0.6, 0.65, 0.7, 1.0]}, 
"air_max_speed":     {"q": [ 2.0 ,   4.0,   5.0,   5.5, 999.0,     45.61117, 637.19595,  5.0], "list": [2.0, 3.0, 3.5, 3.75, 4.0, 4.5, 4.6, 4.75, 5.0, 5.2, 5.25, 5.5, 5.6, 5.7, 5.75, 6.0, 6.25, 6.5, 7.0, 8.0, 9.0, 10.0, 9999.0]}, 
"air_friction":      {"q": [-0.06,   0.03,  0.04,  0.04,  0.3,      0.03923,   0.02731,  0.04], "list": [-0.06, 0.01, 0.015, 0.02, 0.024, 0.025, 0.03, 0.032, 0.0375, 0.04, 0.041, 0.044, 0.045, 0.05, 0.0522, 0.0535, 0.055, 0.0555, 0.06, 0.07, 0.08, 0.089, 0.1, 0.2, 0.3]}, 
"prat_fall_accel":   {"q": [ 0.0 ,   0.85,  0.85,  0.85,  2.0,      0.83891,   0.21529,  0.85], "list": [0.0, 0.25, 0.32, 0.35, 0.4, 0.42, 0.45, 0.5, 0.55, 0.6, 0.65, 0.7, 0.75, 0.8, 0.85, 0.88, 0.9, 0.95, 1.0, 1.02, 1.1, 1.15, 1.5, 2.0]}, 
"max_fall":          {"q": [ 5.0 ,   9.0,  10.0,  11.0,  20.0,      9.80744,   1.81765, 10.0], "list": [5.0, 6.0, 6.5, 7.0, 7.5, 8.0, 8.5, 9.0, 9.5, 10.0, 10.5, 10.8, 10.94, 11.0, 11.5, 11.7, 12.0, 13.0, 15.0, 17.0, 20.0]}, 
"fast_fall":         {"q": [ 5.0 ,  12.0,  14.0,  15.0,  22.0,     13.51927,   2.15266, 14.0], "list": [5.0, 6.5, 7.0, 8.0, 9.0, 10.0, 10.5, 11.0, 11.5, 12.0, 12.35, 12.5, 12.7, 13.0, 13.5, 13.7, 14.0, 14.21, 14.5, 15.0, 15.8, 16.0, 17.0, 18.0, 20.0, 22.0]}, 
"gravity_speed":     {"q": [ 0.1 ,   0.45,  0.5,   0.6,   1.0,      0.52026,   0.11769,  0.5], "list": [0.1, 0.2, 0.23, 0.25, 0.3, 0.32, 0.34, 0.35, 0.385, 0.4, 0.42, 0.45, 0.46, 0.47, 0.48, 0.5, 0.501, 0.52, 0.525, 0.55, 0.56, 0.58, 0.59, 0.6, 0.64, 0.65, 0.68, 0.7, 0.75, 0.8, 0.9, 1.0]}, 
"hitstun_grav":      {"q": [ 0.35,   0.5,   0.5,   0.5,   0.62,     0.49247,   0.03043,  0.5], "list": [0.35, 0.38, 0.4, 0.42, 0.45, 0.47, 0.48, 0.49, 0.5, 0.51, 0.515, 0.52, 0.5222222222222223, 0.525, 0.53, 0.54, 0.55, 0.6, 0.62]}, 

"walljump_hsp":      {"q": [-6.0 ,   5.0,   6.0,   7.0,   9.0,      5.87931,   1.58384,  7.0], "list": [-6.0, -1.0, 0.0, 2.0, 3.0, 3.5, 4.0, 4.5, 4.7, 5.0, 5.5, 6.0, 6.5, 7.0, 8.0, 8.25, 8.5, 9.0]}, 
"walljump_vsp":      {"q": [-1.0 ,   8.0,   9.5,  11.0,  15.0,      9.47108,   1.73290, 11.0], "list": [-1.0, 4.0, 5.0, 6.0, 7.0, 8.0, 8.5, 9.0, 9.5, 10.0, 10.8, 11.0, 11.5, 12.0, 13.0, 13.5, 14.0, 15.0]}, 

"roll_forward_max":  {"q":[-22.0 ,   9.0,   9.0,   9.0,  16.0,      8.73524,   2.11907,  9.0], "list": [-22.0, 6.0, 6.66, 7.0, 7.5, 8.0, 8.5, 8.6, 8.75, 9.0, 9.4, 9.5, 9.75, 9.8, 10.0, 12.0, 16.0]}, 
"roll_backward_max": {"q":[-22.0 ,   9.0,   9.0,   9.0,  16.0,      8.73724,   2.12050,  9.0], "list": [-22.0, 6.0, 6.66, 7.0, 7.5, 8.0, 8.5, 8.6, 8.75, 9.0, 9.4, 9.5, 9.75, 9.8, 10.0, 12.0, 16.0]}, 
"techroll_speed":    {"q":[-22.0 ,  10.0,  10.0,  10.0,  30.0,      9.58353,   2.53808, 10.0], "list": [-22.0, 5.0, 6.0, 7.0, 7.5, 8.0, 8.5, 9.0, 9.3, 9.6, 9.8, 10.0, 11.0, 30.0]},
"air_dodge_speed":   {"q": [ 6.0 ,   7.5,   7.5,   7.5,  13.0,      7.63036,   0.66661,  7.5], "list": [6.0, 6.5, 6.7, 7.0, 7.2, 7.5, 7.7, 7.75, 8.0, 8.2, 8.5, 9.0, 9.5, 10.0, 11.0, 13.0]},